<?xml version="1.0" encoding="UTF-8"?>
<beans xmlns="http://www.springframework.org/schema/beans"
    xmlns:context="http://www.springframework.org/schema/context"
    xmlns:mvc="http://www.springframework.org/schema/mvc"
    xmlns:xsi="http://www.w3.org/2001/XMLSchema-instance"
    xsi:schemaLocation="http://www.springframework.org/schema/beans 
    http://www.springframework.org/schema/beans/spring-beans.xsd 
    http://www.springframework.org/schema/mvc 
    http://www.springframework.org/schema/mvc/spring-mvc.xsd 
    http://www.springframework.org/schema/context 
    http://www.springframework.org/schema/context/spring-context.xsd">
    
    <mvc:annotation-driven></mvc:annotation-driven>
    
    <context:component-scan base-package="com.niit.*"/>
    
    <bean class="org.springframework.web.servlet.view.InternalResourceViewResolver">
        <property name="prefix">
            <value>/WEB-INF/Views/</value>
        </property>
        <property name="suffix">
            <value>.jsp</value>
        </property>
    </bean>  
    
    <bean id="multipartResolver" class="org.springframework.web.multipart.commons.CommonsMultipartResolver">
    <property name="maxUploadSize" value="1000000000" />
    </bean>
    
    <mvc:resources mapping="/resources/**" location="/WEB-INF/resources/" />
    
</beans>